,Unnamed: 0,Length of longest word,Most common word Length,Occurence,Occurence %,Unique words in doc,no_words,no_useful_tokens,no_useless_tokens,noun %,verb %,adj %,pron %,adv %,prop %
0,ND0,27,9,442,17.51188589540412,417,2572,2376,196,47.64309764309764,22.474747474747478,7.82828282828283,3.787878787878788,13.468013468013467,4.797979797979798
1,ND1,28,9,429,18.419922713611,408,2283,2119,164,37.18735252477583,26.09721566776781,13.260972156677678,4.6720151014629545,15.478999528079283,3.3034450212364317
2,ND2,26,9,422,18.11936453413482,488,2355,2197,158,36.77742375967228,25.443786982248522,12.426035502958579,5.1433773327264465,17.159763313609467,3.0496131087847065
3,ND3,33,9,261,16.62420382165605,410,1606,1474,132,41.85888738127544,23.677069199457264,9.972862957937584,5.088195386702849,14.382632293080055,5.020352781546811
4,ND4,22,10,178,17.248062015503873,235,1032,1006,26,42.942345924453285,27.03777335984095,11.72962226640159,4.572564612326044,11.530815109343937,2.1868787276341948
5,ND5,32,9,683,18.805066079295155,646,3658,3310,348,42.356495468277934,24.531722054380666,12.326283987915408,4.410876132930514,14.380664652567976,1.9939577039274925
6,ND6,25,9,537,19.44243301955105,390,3034,2602,432,42.54419677171406,27.940046118370482,7.571099154496541,5.6495003843197535,9.723289777094543,6.571867794004612
7,ND7,22,9,319,17.33695652173913,271,1844,1724,120,39.96519721577726,23.37587006960557,11.020881670533642,4.408352668213457,13.051044083526685,8.178654292343388
8,ND8,34,11,893,15.886852873154242,626,5697,5337,360,45.36256323777402,23.08412966085816,11.373430766348136,4.1596402473299605,12.329023796140154,3.6912122915495593
9,ND9,26,9,397,16.666666666666664,379,2392,2287,105,43.72540445999125,20.72584171403585,12.811543506777436,4.984696108439002,13.686051595977267,4.066462614779186
10,ND10,35,9,613,17.788740568775392,556,3482,3191,291,42.93324976496396,22.06204951425885,9.777499216546536,3.7292384832340963,15.731745534315259,5.766217486681291
11,ND11,29,9,194,14.349112426035507,455,1360,1268,92,45.26813880126184,19.87381703470032,13.722397476340694,4.968454258675079,13.722397476340694,2.4447949526813884
12,ND12,26,9,384,16.834721613327492,434,2285,2174,111,43.92824287028519,23.229070837166514,11.775528978840844,5.105795768169274,12.741490340386386,3.219871205151794
13,ND13,24,9,180,19.845644983461963,255,907,868,39,45.04608294930875,21.774193548387093,9.7926267281106,4.9539170506912455,13.594470046082947,4.838709677419356
14,ND14,25,9,372,16.020671834625322,317,2344,2183,161,40.311497938616576,25.194686211635364,10.719193770041226,4.031149793861658,17.86532295006871,1.8781493357764545
15,ND15,31,9,356,15.116772823779195,437,2495,2069,426,45.04591590140164,23.247945867568873,6.6215563073948775,5.074915418076365,14.01643305944901,5.993233446109231
16,ND16,24,12,34,11.564625850340136,169,306,259,47,54.05405405405406,16.988416988416983,10.424710424710424,1.5444015444015444,10.810810810810812,6.177606177606178
17,ND17,28,9,542,17.811370358199145,517,3065,2871,194,39.32427725531174,21.03796586555207,14.942528735632186,3.2392894461859982,13.200975269940786,8.254963427377223
18,ND18,36,9,513,19.468690702087287,291,2643,2442,201,44.799344799344794,22.85012285012285,9.254709254709256,6.388206388206388,10.85176085176085,5.855855855855856
19,ND19,26,9,377,14.936608557844696,565,2560,2318,242,45.685936151855046,18.593615185504746,9.361518550474548,3.1924072476272647,11.432269197584127,11.734253666954269
20,ND20,26,9,349,17.48496993987976,370,1996,1924,72,46.41372141372141,23.440748440748443,9.355509355509355,4.261954261954262,11.902286902286903,4.625779625779626
21,ND21,28,9,289,17.35735735735736,421,1715,1580,135,42.151898734177216,24.556962025316448,12.468354430379748,4.746835443037975,10.949367088607595,5.1265822784810124
22,D0,25,11,164,17.40976645435244,302,942,915,27,52.6775956284153,20.0,12.021857923497267,4.043715846994536,8.524590163934425,2.7322404371584703
23,D1,27,9,34,17.0,95,200,190,10,47.89473684210525,26.315789473684212,11.578947368421053,3.1578947368421053,8.947368421052632,2.1052631578947367
24,D2,24,13,22,14.864864864864865,82,148,141,7,44.680851063829785,21.27659574468085,10.638297872340424,4.25531914893617,17.02127659574468,2.127659574468085
25,D3,27,11,27,13.300492610837441,120,203,187,16,57.219251336898395,22.994652406417114,10.16042780748663,3.2085561497326207,4.27807486631016,2.13903743315508
26,D4,23,11,46,8.766233766233766,169,314,295,19,44.067796610169495,23.05084745762712,14.915254237288135,5.7627118644067785,11.864406779661017,0.3389830508474576
27,D5,29,9,310,16.324381253291207,507,1903,1776,127,44.76351351351353,24.43693693693693,12.894144144144144,4.391891891891892,11.824324324324325,1.6891891891891893
28,D6,24,8,87,15.535714285714285,157,560,499,61,45.69138276553106,20.040080160320638,10.621242484969939,4.208416833667335,11.222444889779561,8.216432865731463
29,D7,23,9,31,15.897435897435894,100,199,183,16,33.879781420765035,27.86885245901639,13.114754098360656,6.557377049180328,15.846994535519125,2.7322404371584703
30,D8,25,10,299,18.17629179331307,262,1661,1581,80,47.691334598355475,24.161922833649587,10.120177103099305,4.6173308032890565,11.132194813409235,2.2770398481973437
31,D9,31,10,215,16.589506172839506,331,1300,1250,50,48.96,22.48,13.36,1.76,12.48,0.96
32,D10,26,9,51,17.770034843205572,100,287,242,45,49.586776859504134,16.115702479338847,8.677685950413224,4.545454545454546,8.264462809917356,12.8099173553719
33,D11,28,9,105,18.041237113402055,231,594,493,101,52.941176470588246,22.31237322515213,5.882352941176469,4.665314401622718,9.330628803245435,4.86815415821501
34,D12,25,9,46,15.91695501730104,134,293,278,15,46.762589928057544,28.057553956834532,5.755395683453237,3.5971223021582728,10.071942446043163,5.755395683453237
35,D13,25,9,85,19.859813084112147,180,432,405,27,44.93827160493828,26.17283950617284,9.629629629629632,3.2098765432098766,10.123456790123457,5.925925925925927
36,D14,25,9,201,20.385395537525355,304,1002,935,67,41.49732620320856,27.807486631016044,10.16042780748663,3.636363636363636,13.689839572192511,3.2085561497326207
37,D15,27,9,190,16.843971631205672,417,1136,1066,70,46.81050656660414,23.63977485928705,10.787992495309567,4.409005628517824,13.320825515947465,1.0318949343339587
38,D16,27,10,45,15.845070422535212,100,284,274,10,49.63503649635037,21.532846715328464,9.854014598540148,6.204379562043796,11.313868613138686,1.45985401459854
39,D17,22,9,107,23.010752688172044,199,469,436,33,47.018348623853214,21.100917431192666,14.449541284403667,4.816513761467889,11.009174311926609,1.6055045871559634
40,D18,54,9,1020,14.001372683596433,934,7375,6716,659,45.86063132817153,25.35735556879095,11.673615247170934,4.854079809410363,10.452650387135199,1.8016676593210244
41,D19,22,9,347,26.671790930053806,238,1305,1221,84,37.51023751023751,23.58722358722359,10.974610974610977,6.47010647010647,16.380016380016382,5.077805077805078
42,D20,20,7,95,14.570552147239265,154,668,523,145,50.2868068833652,18.54684512428298,11.089866156787762,6.309751434034416,11.281070745697894,2.48565965583174
43,D21,24,8,100,19.41747572815534,190,519,454,65,41.18942731277532,23.348017621145374,10.792951541850222,6.828193832599119,11.894273127753305,5.9471365638766525
44,D22,25,9,203,14.79591836734694,324,1372,1320,52,50.07575757575757,21.818181818181817,11.43939393939394,2.803030303030303,7.954545454545454,5.909090909090909
45,D23,31,11,59,17.611940298507463,165,335,320,15,35.3125,24.0625,16.25,2.8125,14.6875,6.875000000000001
